Usuarios que tomaron bicicleta: ,5.0,6.0,9.0,6.0,6.0,10.0,4.0,5.0,6.0,7.0,6.0,6.0,6.0,6.0,7.0
Usuarios que esperaron tomar bicicleta: ,0.0,0.0,0.0,0.0,0.0,0.0,0.0,0.0,0.0,0.0,0.0,0.0,0.0,0.0,0.0
Fracc. de usuarios que esperaron tomar bicicleta: ,0.0,0.0,0.0,0.0,0.0,0.0,0.0,0.0,0.0,0.0,0.0,0.0,0.0,0.0,0.0
Tiempo promedio de espera para tomar bicicleta: ,0.0,0.0,0.0,0.0,0.0,0.0,0.0,0.0,0.0,0.0,0.0,0.0,0.0,0.0,0.0
Tiempo que estuvo vac√≠a: ,0.0,0.0,0.0,0.0,0.0,0.0,0.0,0.0,0.0,0.0,0.0,0.0,0.0,0.0,0.0
Usuarios que dejaron bicicleta: ,6.0,4.0,5.0,11.0,1.0,4.0,3.0,1.0,4.0,4.0,3.0,1.0,2.0,5.0,8.0
Usuarios que esperaron dejar bicicleta: ,0.0,0.0,0.0,0.0,0.0,0.0,0.0,0.0,0.0,0.0,0.0,0.0,0.0,0.0,0.0
Fracc. de usuarios que esperaron dejar bicicleta: ,0.0,0.0,0.0,0.0,0.0,0.0,0.0,0.0,0.0,0.0,0.0,0.0,0.0,0.0,0.0
Tiempo promedio de espera para dejar bicicleta: ,0.0,0.0,0.0,0.0,0.0,0.0,0.0,0.0,0.0,0.0,0.0,0.0,0.0,0.0,0.0
Tiempo que estuvo llena: ,0.0,0.0,0.0,0.0,0.0,0.0,0.0,0.0,0.0,0.0,0.0,0.0,0.0,0.0,0.0
Balance: ,1.0,-2.0,-4.0,5.0,-5.0,-6.0,-1.0,-4.0,-2.0,-3.0,-3.0,-5.0,-4.0,-1.0,1.0
